batch_row	source_csv	source_id	source_title	proposed_display_title	artist	album	duration	bpm	genre	url_present	batch_flags	triage_status	triage_reason	working_queue_triage_reason
6	gpm_stl.csv	64057117	YOU STOP TALKING - East Houston 1988	TRIAGE_LATER_NO_PUBLIC_TITLE_DECISION	Scott Monti	Vintage	0:03:36	96.0	Vintage Rock	YES	POSSIBLE_VERSION_OR_SOURCE_NOTE	TRIAGE_LATER	POSSIBLE_VERSION_OR_SOURCE_NOTE	ALREADY_TRIAGE_LATER
7	gpm_stl.csv	64057123	CROSSIN' WIRES - Rec'd 1988 - East Houston	TRIAGE_LATER_NO_PUBLIC_TITLE_DECISION	Scott Monti	VINTAGE	0:03:50	76.0	Vintage 1988	YES	POSSIBLE_VERSION_OR_SOURCE_NOTE	TRIAGE_LATER	POSSIBLE_VERSION_OR_SOURCE_NOTE	ALREADY_TRIAGE_LATER
11	gpm_stl.csv	64057475	ANOTHER DANCE	TRIAGE_LATER_NO_PUBLIC_TITLE_DECISION	Reed	Sexy Swagger	0:03:18	87.0	Singer/Songwriter Rock Indie Folk	YES	DUPLICATE_TITLE	TRIAGE_LATER	DUPLICATE_TITLE	ALREADY_TRIAGE_LATER
13	gpm_stl.csv	64057722	TIME'S PRESENT - Indie Pop - Teen	TRIAGE_LATER_NO_PUBLIC_TITLE_DECISION	Amanda Blake	Change Me	0:02:41	124.0	Indie Pop	YES	POSSIBLE_VERSION_OR_SOURCE_NOTE	TRIAGE_LATER	POSSIBLE_VERSION_OR_SOURCE_NOTE	ALREADY_TRIAGE_LATER
17	gpm_stl.csv	64059509	C0RNFIELD - INSTRO	C0RNFIELD - INSTRO	G Putnam Music	BUSTING OUT	0:03:07	100.0	Americana	YES	GLOBAL_INSTRO_STANDARD	GLOBAL_STANDARD_APPLIED	GLOBAL_INSTRO_STANDARD	ZERO_LETTER_TITLE_REVIEW
22	gpm_stl.csv	64059751	SAYING GOODBYE - Rec'd 1988 - East Houston	TRIAGE_LATER_NO_PUBLIC_TITLE_DECISION	Amanda Johnson	Vintage	0:02:52	88.0	1989 ROCK/COUNTRY	YES	POSSIBLE_VERSION_OR_SOURCE_NOTE	TRIAGE_LATER	POSSIBLE_VERSION_OR_SOURCE_NOTE	ALREADY_TRIAGE_LATER
23	gpm_stl.csv	64059752	FEARLESS - Rec'd 1988 - East Houston	TRIAGE_LATER_NO_PUBLIC_TITLE_DECISION	Amanda Johnson	TV/Film	0:03:34	128.0	PERIOD	YES	POSSIBLE_VERSION_OR_SOURCE_NOTE	TRIAGE_LATER	POSSIBLE_VERSION_OR_SOURCE_NOTE	ALREADY_TRIAGE_LATER
25	gpm_stl.csv	64059774	EVEN IF I TRIED - M	EVEN IF I TRIED - M	Alex Fehr	Sexy Swagger	0:02:28	84.0	Singer Songwriter	YES		BATCH_CLEAN_PENDING_REVIEW		VERSION_SUFFIX_REVIEW
26	gpm_stl.csv	64066851	The Cemetery Stomp	TRIAGE_LATER_NO_PUBLIC_TITLE_DECISION	G Putnam Music	HALLOWEEN	0:02:15	82.0	Holiday, Youth	YES	DUPLICATE_TITLE	TRIAGE_LATER	DUPLICATE_TITLE	ALREADY_TRIAGE_LATER
27	gpm_stl.csv	68309589	HOUSE OF THE RISING SUN - The Animals COVER	HOUSE OF THE RISING SUN - The Animals COVER	Cindy Youngren	COVER	0:03:09	84.0	Reimagined COVER	YES		BATCH_CLEAN_PENDING_REVIEW		COVER_RIGHTS_SOURCE_REVIEW
33	gpm_stl.csv	68876863	IT MUST HAVE BEEN LOVE - COVER	IT MUST HAVE BEEN LOVE - COVER	G Putnam Music	COVER	0:02:51	72.0	Reimagined COVER	YES		BATCH_CLEAN_PENDING_REVIEW		COVER_RIGHTS_SOURCE_REVIEW
39	gpm_stl.csv	69168014	MIDNIGHT RIDER - Allman Bros COVER	MIDNIGHT RIDER - Allman Bros COVER	Cindy Youngren	Synth Nymph	0:02:27	126.0	Dark REIMAGINED Cover	YES		BATCH_CLEAN_PENDING_REVIEW		COVER_RIGHTS_SOURCE_REVIEW
44	gpm_stl.csv	69168061	SWEET TENNESSEE	TRIAGE_LATER_NO_PUBLIC_TITLE_DECISION	G Putnam Music	TRAD COUNTRY - MALE	0:03:52	78.0	Traditional Country	YES	DUPLICATE_TITLE	TRIAGE_LATER	DUPLICATE_TITLE	ALREADY_TRIAGE_LATER
52	gpm_stl.csv	69207232	NEVER KNEW	TRIAGE_LATER_NO_PUBLIC_TITLE_DECISION	Brandon Howard	Cowboy Country	0:03:24	124.0	Country	YES	DUPLICATE_TITLE	TRIAGE_LATER	DUPLICATE_TITLE	ALREADY_TRIAGE_LATER
64	gpm_stl.csv	72435074	INTO THE LIGHT - Female	TRIAGE_LATER_NO_PUBLIC_TITLE_DECISION	Emily Hope	Countin’ On Countin’ On	0:02:12	95.0	Indie	YES	POSSIBLE_VERSION_OR_SOURCE_NOTE	TRIAGE_LATER	POSSIBLE_VERSION_OR_SOURCE_NOTE	ALREADY_TRIAGE_LATER;VERSION_SUFFIX_REVIEW
67	gpm_stl.csv	72657371	NOTHING COMPARES 2 U	NOTHING COMPARES 2 U	Sam Masini	COVER	0:02:55	108.0	REIMAGINED	YES		BATCH_CLEAN_PENDING_REVIEW		COVER_RIGHTS_SOURCE_REVIEW
76	gpm_stl.csv	73381075	MY BABY LEFT ME - Female	TRIAGE_LATER_NO_PUBLIC_TITLE_DECISION	Katie Beste	Dealin’ Feelin'	0:03:46	80.0	Country	YES	POSSIBLE_VERSION_OR_SOURCE_NOTE	TRIAGE_LATER	POSSIBLE_VERSION_OR_SOURCE_NOTE	ALREADY_TRIAGE_LATER;VERSION_SUFFIX_REVIEW
77	gpm_stl.csv	73416651	MY BABY LEFT ME - Male	TRIAGE_LATER_NO_PUBLIC_TITLE_DECISION	Zach Linley	Cowboy Country	0:03:38	71.0	Country-Rock/Blues	YES	POSSIBLE_VERSION_OR_SOURCE_NOTE	TRIAGE_LATER	POSSIBLE_VERSION_OR_SOURCE_NOTE	ALREADY_TRIAGE_LATER;VERSION_SUFFIX_REVIEW
82	gpm_stl.csv	73847525	RIGHT HERE RIGHT NOW - COVER	RIGHT HERE RIGHT NOW - COVER	G Putnam Music	COVER	0:02:18	130.0	Reimagined	YES		BATCH_CLEAN_PENDING_REVIEW		COVER_RIGHTS_SOURCE_REVIEW
83	gpm_stl.csv	73875184	CAN'T GET IT OUT OF MY HEAD - ELO COVER	CAN'T GET IT OUT OF MY HEAD - ELO COVER	Cindy Youngren	COVER	0:03:02	78.0	Reimagined 90s ROCK	YES		BATCH_CLEAN_PENDING_REVIEW		COVER_RIGHTS_SOURCE_REVIEW
94	gpm_stl.csv	74594828	GROOVE ISN'T HARD - INSTRO	GROOVE ISN'T HARD - INSTRO	G Putnam Music	Remembering Forgetting	0:01:59	108.0	Reimagined COVER	YES	GLOBAL_INSTRO_STANDARD	GLOBAL_STANDARD_APPLIED	GLOBAL_INSTRO_STANDARD	COVER_RIGHTS_SOURCE_REVIEW
101	gpm_stl.csv	77252391	CUTS LIKE A KNIFE - BRYAN ADAMS COVER	CUTS LIKE A KNIFE - BRYAN ADAMS COVER	G Putnam Music	COVER	0:02:54	75.0	Reimagined 80s ROCK	YES		BATCH_CLEAN_PENDING_REVIEW		COVER_RIGHTS_SOURCE_REVIEW
103	gpm_stl.csv	79323545	CRUSH ON CHRISTMAS	TRIAGE_LATER_NO_PUBLIC_TITLE_DECISION	Emily Hope	Christmas	0:02:56	159.0	AD, CINEMATIC, Christmas	YES	DUPLICATE_TITLE	TRIAGE_LATER	DUPLICATE_TITLE	ALREADY_TRIAGE_LATER
104	gpm_stl.csv	79345356	OOPS! I DID IT AGAIN - COVER	OOPS! I DID IT AGAIN - COVER	G Putnam Music	COVER	0:02:36	80.0	Reimagined	YES		BATCH_CLEAN_PENDING_REVIEW		COVER_RIGHTS_SOURCE_REVIEW
114	gpm_stl.csv	82107185	GROOVE IS IN THE HEART - COVER	GROOVE IS IN THE HEART - COVER	G Putnam Music	COVER	0:01:59	108.0	Reimagined COVER	YES		BATCH_CLEAN_PENDING_REVIEW		COVER_RIGHTS_SOURCE_REVIEW
117	gpm_stl.csv	84305871	HURRY UP N' WAIT	TRIAGE_LATER_NO_PUBLIC_TITLE_DECISION	Chris Krause	Change Me	0:02:58	151.0	Americana	YES	DUPLICATE_TITLE	TRIAGE_LATER	DUPLICATE_TITLE	ALREADY_TRIAGE_LATER
118	gpm_stl.csv	84307977	ME N' MY GUITAR	TRIAGE_LATER_NO_PUBLIC_TITLE_DECISION	Kris Bradley	Cowboy Country	0:03:21	117.0	Cont Country	YES	DUPLICATE_TITLE	TRIAGE_LATER	DUPLICATE_TITLE	ALREADY_TRIAGE_LATER
119	gpm_stl.csv	84322838	PAST TENNESSEE	TRIAGE_LATER_NO_PUBLIC_TITLE_DECISION	Simon Webb	Trad RICH n’ ALL	0:03:29	151.0	Country	YES	DUPLICATE_TITLE	TRIAGE_LATER	DUPLICATE_TITLE	ALREADY_TRIAGE_LATER
140	gpm_stl.csv	88276317	HEARTS ♥️ LIKE MINE - INSTRO Eminor	TRIAGE_LATER_NO_PUBLIC_TITLE_DECISION	G Putnam Music	Scherer Delight	0:03:15	140.0	Indie Pop	YES	GLOBAL_INSTRO_STANDARD;POSSIBLE_BPM_KEY_TITLE_CLUTTER	TRIAGE_LATER	POSSIBLE_BPM_KEY_TITLE_CLUTTER	ALREADY_TRIAGE_LATER
141	gpm_stl.csv	88304258	DECK THE HALLS - Christmas COVER - Dark	DECK THE HALLS - Christmas COVER - Dark	Cindy Youngren	Christmas	0:03:38	158.0	Dark	YES		BATCH_CLEAN_PENDING_REVIEW		COVER_RIGHTS_SOURCE_REVIEW
170	gpm_stl.csv	96021185	HAZY CRAZY	TRIAGE_LATER_NO_PUBLIC_TITLE_DECISION	G Putnam Music	Coming Through	0:02:43	134.0	Singer/Songwriter	YES	DUPLICATE_TITLE	TRIAGE_LATER	DUPLICATE_TITLE	ALREADY_TRIAGE_LATER
174	gpm_stl.csv	99479227	MY EYES TELL IT ALL	TRIAGE_LATER_NO_PUBLIC_TITLE_DECISION	Sandy Sugar Smith	Turnin' Blue	0:04:50	161.0	Alt Blues	YES	DUPLICATE_TITLE	TRIAGE_LATER	DUPLICATE_TITLE	ALREADY_TRIAGE_LATER
175	gpm_stl.csv	99482985	NO ONE'S HARD TO HOLD ONTO - Female	TRIAGE_LATER_NO_PUBLIC_TITLE_DECISION	Amy Howard	Dealin’ Feelin'	0:03:42	149.0	Folk	YES	POSSIBLE_VERSION_OR_SOURCE_NOTE	TRIAGE_LATER	POSSIBLE_VERSION_OR_SOURCE_NOTE	ALREADY_TRIAGE_LATER;VERSION_SUFFIX_REVIEW
190	gpm_stl.csv	100391228	EVEN IF I TRIED - F	EVEN IF I TRIED - F	Rhonda Lester	Coming Through	0:02:54	76.0	Indie, FOLK, Country	YES		BATCH_CLEAN_PENDING_REVIEW		VERSION_SUFFIX_REVIEW
205	gpm_stl.csv	104548959	I LIVE FREE - INSTRO	TRIAGE_LATER_NO_PUBLIC_TITLE_DECISION	G Putnam Music	Coming Through	0:02:31	130.0	Pop	YES	DUPLICATE_TITLE;GLOBAL_INSTRO_STANDARD	TRIAGE_LATER	DUPLICATE_TITLE	ALREADY_TRIAGE_LATER
223	gpm_stl.csv	106875238	THE ONLY FOREVER	TRIAGE_LATER_NO_PUBLIC_TITLE_DECISION	Lloyd G Miller	Lloyd’s Void	0:04:06	75.0	Country	YES	DUPLICATE_TITLE	TRIAGE_LATER	DUPLICATE_TITLE	ALREADY_TRIAGE_LATER
235	gpm_stl.csv	110595129	NOW-THAT'S TOUGH	TRIAGE_LATER_NO_PUBLIC_TITLE_DECISION	Zach Linley	Change Me	0:03:27	84.0	Banjo, Folk, Country	YES	DUPLICATE_TITLE	TRIAGE_LATER	DUPLICATE_TITLE	ALREADY_TRIAGE_LATER
258	gpm_stl.csv	120387403	COME AS YOU ARE - COVER - INSTRO	COME AS YOU ARE - COVER - INSTRO	G Putnam Music	COVER	0:03:01	90.0	Sync Pop, BGVS, MMMMM	YES	GLOBAL_INSTRO_STANDARD	GLOBAL_STANDARD_APPLIED	GLOBAL_INSTRO_STANDARD	COVER_RIGHTS_SOURCE_REVIEW
292	gpm_stl.csv	146291907	THE LAST CHANCE - INSTRO	TRIAGE_LATER_NO_PUBLIC_TITLE_DECISION	G Putnam Music	TV/Film	0:04:10	148.0	Trance, Dance	YES	DUPLICATE_TITLE;GLOBAL_INSTRO_STANDARD	TRIAGE_LATER	DUPLICATE_TITLE	ALREADY_TRIAGE_LATER
359	gpm_stl.csv	161322993	I'M COMING HOME - INSTRO	TRIAGE_LATER_NO_PUBLIC_TITLE_DECISION	G Putnam Music	Caught Off Guard	0:03:02	85.0	Cinematic	YES	DUPLICATE_TITLE;GLOBAL_INSTRO_STANDARD	TRIAGE_LATER	DUPLICATE_TITLE	ALREADY_TRIAGE_LATER
382	gpm_stl.csv	162477185	INTRIGUED - F	INTRIGUED - F	G Putnam Music	- AD, FILM, PERIOD, 80S, DESIRE, INFATUATION, ALLURE, MYSTERY, AMBITION, SEXY, DANCE	0:03:02	125.0	90s Rock	YES		BATCH_CLEAN_PENDING_REVIEW		VERSION_SUFFIX_REVIEW
383	gpm_stl.csv	162477187	INTRIGUED - M	INTRIGUED - M	G Putnam Music	- AD, FILM, PERIOD, 80S, DESIRE, INFATUATION, ALLURE, MYSTERY, AMBITION, SEXY, DANCE	0:03:02	125.0	90s Rock	YES		BATCH_CLEAN_PENDING_REVIEW		VERSION_SUFFIX_REVIEW
396	gpm_stl.csv	162536992	RECOGNIZER - INSTRO	TRIAGE_LATER_NO_PUBLIC_TITLE_DECISION	G Putnam Music	Cinema	0:04:24	146.0	TV/Film, Indie	YES	DUPLICATE_TITLE;GLOBAL_INSTRO_STANDARD	TRIAGE_LATER	DUPLICATE_TITLE	ALREADY_TRIAGE_LATER
400	gpm_stl.csv	163579851	My Eyes Tell It All	TRIAGE_LATER_NO_PUBLIC_TITLE_DECISION	Sandy Sugar Smith	Turnin’ Blue	0:04:52	82.0	Blues	YES	DUPLICATE_TITLE	TRIAGE_LATER	DUPLICATE_TITLE	ALREADY_TRIAGE_LATER
417	gpm_stl.csv	167046256	Another Dance	TRIAGE_LATER_NO_PUBLIC_TITLE_DECISION	Reed	G Putnam Music	0:03:18		Country	YES	DUPLICATE_TITLE	TRIAGE_LATER	DUPLICATE_TITLE	ALREADY_TRIAGE_LATER
419	gpm_stl.csv	167046511	Crush on Christmas	TRIAGE_LATER_NO_PUBLIC_TITLE_DECISION	Sam Masini	G Putnam Music	0:02:56		Christmas	YES	DUPLICATE_TITLE	TRIAGE_LATER	DUPLICATE_TITLE	ALREADY_TRIAGE_LATER
423	gpm_stl.csv	167047376	Hazy Crazy	TRIAGE_LATER_NO_PUBLIC_TITLE_DECISION	G Putnam Music	G Putnam Music	0:02:43		Indie Pop	YES	DUPLICATE_TITLE	TRIAGE_LATER	DUPLICATE_TITLE	ALREADY_TRIAGE_LATER
424	gpm_stl.csv	167047380	HAZY CRAZY DbMaj 134bpm	TRIAGE_LATER_NO_PUBLIC_TITLE_DECISION			0:02:43			YES	POSSIBLE_BPM_KEY_TITLE_CLUTTER	TRIAGE_LATER	POSSIBLE_BPM_KEY_TITLE_CLUTTER	ALREADY_TRIAGE_LATER
432	gpm_stl.csv	167047399	HIT REWIND-fullmix-M-Ac Gtr-El Gtr-Piano-El Bass-Keybrd	TRIAGE_LATER_NO_PUBLIC_TITLE_DECISION			0:03:03			YES	POSSIBLE_VERSION_OR_SOURCE_NOTE	TRIAGE_LATER	POSSIBLE_VERSION_OR_SOURCE_NOTE	ALREADY_TRIAGE_LATER
441	gpm_stl.csv	167047450	IN THE BLEAK MIDWINTER - INSTRO - 77bpm	TRIAGE_LATER_NO_PUBLIC_TITLE_DECISION			0:03:41			YES	GLOBAL_INSTRO_STANDARD;POSSIBLE_BPM_KEY_TITLE_CLUTTER	TRIAGE_LATER	POSSIBLE_BPM_KEY_TITLE_CLUTTER	ALREADY_TRIAGE_LATER
448	gpm_stl.csv	167047483	The Last Chance - INSTRO	TRIAGE_LATER_NO_PUBLIC_TITLE_DECISION	G Putnam Music	Thrilling Feeling	0:04:10	148.0	Cinema, TV/Film	YES	DUPLICATE_TITLE;GLOBAL_INSTRO_STANDARD	TRIAGE_LATER	DUPLICATE_TITLE	ALREADY_TRIAGE_LATER
450	gpm_stl.csv	167047493	LOOKIN' FOR AN ANGEL - 79bpm	TRIAGE_LATER_NO_PUBLIC_TITLE_DECISION	Zach Jackson	Change Me	0:03:21	78.0	Country, Singer-Songwriter	YES	POSSIBLE_BPM_KEY_TITLE_CLUTTER	TRIAGE_LATER	POSSIBLE_BPM_KEY_TITLE_CLUTTER	ALREADY_TRIAGE_LATER
462	gpm_stl.csv	167047544	Never Knew	TRIAGE_LATER_NO_PUBLIC_TITLE_DECISION	Brandon Howard	Cowboy Country	0:03:24	123.0	Mod Country	YES	DUPLICATE_TITLE	TRIAGE_LATER	DUPLICATE_TITLE	ALREADY_TRIAGE_LATER
469	gpm_stl.csv	167047598	Now-That's Tough	TRIAGE_LATER_NO_PUBLIC_TITLE_DECISION	Zach Linley	G Putnam Music	0:03:27		Folk	YES	DUPLICATE_TITLE	TRIAGE_LATER	DUPLICATE_TITLE	ALREADY_TRIAGE_LATER
473	gpm_stl.csv	167047664	The Only Forever	TRIAGE_LATER_NO_PUBLIC_TITLE_DECISION	Lloyd Miller	Lloyd’s Void	0:04:06	150.0	Singer Songwriter	YES	DUPLICATE_TITLE	TRIAGE_LATER	DUPLICATE_TITLE	ALREADY_TRIAGE_LATER
480	gpm_stl.csv	167047685	PAST TENNESSEE	TRIAGE_LATER_NO_PUBLIC_TITLE_DECISION	Simon Webb	Trad RICH n’ ALL	0:03:29	151.0	Country	YES	DUPLICATE_TITLE	TRIAGE_LATER	DUPLICATE_TITLE	ALREADY_TRIAGE_LATER
485	gpm_stl.csv	167047851	RECOGNIZER - INSTRO	TRIAGE_LATER_NO_PUBLIC_TITLE_DECISION	G Putnam Music	Thrilling Feeling	0:04:24	146.0	TV/Film	YES	DUPLICATE_TITLE;GLOBAL_INSTRO_STANDARD	TRIAGE_LATER	DUPLICATE_TITLE	ALREADY_TRIAGE_LATER
501	gpm_stl.csv	167188307	OOPS! I DID IT AGAIN - Reimagined COVER	OOPS! I DID IT AGAIN - Reimagined COVER	G Putnam Music	G Putnam Music	0:02:36		COVER	YES		BATCH_CLEAN_PENDING_REVIEW		COVER_RIGHTS_SOURCE_REVIEW
502	gpm_stl.csv	167188527	Sweet Tennessee	TRIAGE_LATER_NO_PUBLIC_TITLE_DECISION	Brandon-Emmy	TRAD Rich n' All	0:03:51		Country	YES	DUPLICATE_TITLE	TRIAGE_LATER	DUPLICATE_TITLE	ALREADY_TRIAGE_LATER
506	gpm_stl.csv	167189069	This Puzzle INSTRO EbMaj 88bpm	TRIAGE_LATER_NO_PUBLIC_TITLE_DECISION	Patrik Sheridan	Elle’s Bells	0:03:34	87.0	Country/AC	YES	GLOBAL_INSTRO_STANDARD;POSSIBLE_BPM_KEY_TITLE_CLUTTER	TRIAGE_LATER	POSSIBLE_BPM_KEY_TITLE_CLUTTER	ALREADY_TRIAGE_LATER
525	gpm_stl.csv	168451096	Me In Love	TRIAGE_LATER_NO_PUBLIC_TITLE_DECISION	KLEIGH	Go for the Heart	0:04:24	67.0	Singer/Songwriter	YES	DUPLICATE_TITLE	TRIAGE_LATER	DUPLICATE_TITLE	ALREADY_TRIAGE_LATER
534	gpm_stl.csv	174339968	The Cemetery Stomp	TRIAGE_LATER_NO_PUBLIC_TITLE_DECISION	Eric W Nelson, Gregory D Putnam		0:02:15		KFS	YES	DUPLICATE_TITLE	TRIAGE_LATER	DUPLICATE_TITLE	ALREADY_TRIAGE_LATER
535	gpm_stl.csv	174384327	ME IN LOVE	TRIAGE_LATER_NO_PUBLIC_TITLE_DECISION			0:03:53			YES	DUPLICATE_TITLE	TRIAGE_LATER	DUPLICATE_TITLE	ALREADY_TRIAGE_LATER
536	gpm_stl.csv	174385235	Kleigh - Live Free Amin 64BPM PIANO AND VOCAL	TRIAGE_LATER_NO_PUBLIC_TITLE_DECISION	KLEIGH		0:04:26	64.0	Singer Songwriter	YES	POSSIBLE_BPM_KEY_TITLE_CLUTTER	TRIAGE_LATER	POSSIBLE_BPM_KEY_TITLE_CLUTTER	ALREADY_TRIAGE_LATER
553	gpm_stl.csv	175178456	BE TRUSTWORTHY - Male 1	TRIAGE_LATER_NO_PUBLIC_TITLE_DECISION			0:04:28			YES	POSSIBLE_VERSION_OR_SOURCE_NOTE	TRIAGE_LATER	POSSIBLE_VERSION_OR_SOURCE_NOTE	ALREADY_TRIAGE_LATER;VERSION_SUFFIX_REVIEW
554	gpm_stl.csv	175178759	BETWEEN THE EARS - Male	TRIAGE_LATER_NO_PUBLIC_TITLE_DECISION	G Putnam Music	Male	0:02:57	100.0	Alt Country	YES	POSSIBLE_VERSION_OR_SOURCE_NOTE	TRIAGE_LATER	POSSIBLE_VERSION_OR_SOURCE_NOTE	ALREADY_TRIAGE_LATER;VERSION_SUFFIX_REVIEW
557	gpm_stl.csv	175179605	CAN'T GET IT INTO MY HEAD - COVER INSTRO	CAN'T GET IT INTO MY HEAD - COVER - INSTRO			0:03:02		Abstract	YES	GLOBAL_INSTRO_STANDARD	GLOBAL_STANDARD_APPLIED	GLOBAL_INSTRO_STANDARD	COVER_RIGHTS_SOURCE_REVIEW
558	gpm_stl.csv	175179989	COME AS YOU ARE - COVER - Reimagined - 90bpm	TRIAGE_LATER_NO_PUBLIC_TITLE_DECISION			0:03:01			YES	POSSIBLE_BPM_KEY_TITLE_CLUTTER	TRIAGE_LATER	POSSIBLE_BPM_KEY_TITLE_CLUTTER	ALREADY_TRIAGE_LATER;COVER_RIGHTS_SOURCE_REVIEW
559	gpm_stl.csv	175180206	COME DANCE (INSTRO) 70bpm	TRIAGE_LATER_NO_PUBLIC_TITLE_DECISION			0:03:57			YES	GLOBAL_INSTRO_STANDARD;POSSIBLE_BPM_KEY_TITLE_CLUTTER	TRIAGE_LATER	POSSIBLE_BPM_KEY_TITLE_CLUTTER	ALREADY_TRIAGE_LATER
560	gpm_stl.csv	175180207	COME DANCE - 99bpm	TRIAGE_LATER_NO_PUBLIC_TITLE_DECISION			0:03:51			YES	POSSIBLE_BPM_KEY_TITLE_CLUTTER	TRIAGE_LATER	POSSIBLE_BPM_KEY_TITLE_CLUTTER	ALREADY_TRIAGE_LATER
561	gpm_stl.csv	175180465	I'm Coming Home - INSTRO	TRIAGE_LATER_NO_PUBLIC_TITLE_DECISION	G Putnam Music	Caught Off Guard	0:03:02	85.0	Cinematic	YES	DUPLICATE_TITLE;GLOBAL_INSTRO_STANDARD	TRIAGE_LATER	DUPLICATE_TITLE	ALREADY_TRIAGE_LATER
562	gpm_stl.csv	175180466	I LIVE FREE - INSTRO	TRIAGE_LATER_NO_PUBLIC_TITLE_DECISION	G Putnam Music	- CRAZY, MOTION, DRIVE, AGGRESSIVE, MOTION, CONQUEST, OVERCOME, VICTORY, TEAMWORK, GOAL, EFFORT, COLLABORATION	0:02:31	130.0	Pop	YES	DUPLICATE_TITLE;GLOBAL_INSTRO_STANDARD	TRIAGE_LATER	DUPLICATE_TITLE	ALREADY_TRIAGE_LATER
567	gpm_stl.csv	175181062	ME N' MY GUITAR	TRIAGE_LATER_NO_PUBLIC_TITLE_DECISION	G Putnam Music	- AD, FILM RUSTIC, WOODSY, WANDERLUST, TOMORROW, SAD, LONGING, DESTINY, EMPTY, OPEN, UNSURE, STRONH, CLEAR, GROUNDED	0:03:21	117.0	Cont Country	YES	DUPLICATE_TITLE	TRIAGE_LATER	DUPLICATE_TITLE	ALREADY_TRIAGE_LATER
568	gpm_stl.csv	175181291	Hurry Up n' Wait	TRIAGE_LATER_NO_PUBLIC_TITLE_DECISION	Chris Krause	Change Me	0:02:58	151.0	Americana	YES	DUPLICATE_TITLE	TRIAGE_LATER	DUPLICATE_TITLE	ALREADY_TRIAGE_LATER
569	gpm_stl.csv	175181303	EV'RYBODY FEELS THE RAIN - 96bpm	TRIAGE_LATER_NO_PUBLIC_TITLE_DECISION			0:03:11			YES	POSSIBLE_BPM_KEY_TITLE_CLUTTER	TRIAGE_LATER	POSSIBLE_BPM_KEY_TITLE_CLUTTER	ALREADY_TRIAGE_LATER
570	gpm_stl.csv	175181307	EV'RYBODY FEELS THE RAIN -  INSTRO - 96bpm - EbMajor	TRIAGE_LATER_NO_PUBLIC_TITLE_DECISION			0:03:11			YES	GLOBAL_INSTRO_STANDARD;POSSIBLE_BPM_KEY_TITLE_CLUTTER	TRIAGE_LATER	POSSIBLE_BPM_KEY_TITLE_CLUTTER	ALREADY_TRIAGE_LATER
572	gpm_stl.csv	175181527	EYES TELL IT ALL - 82bpm - F#minor	TRIAGE_LATER_NO_PUBLIC_TITLE_DECISION			0:04:50			YES	POSSIBLE_BPM_KEY_TITLE_CLUTTER	TRIAGE_LATER	POSSIBLE_BPM_KEY_TITLE_CLUTTER	ALREADY_TRIAGE_LATER
574	gpm_stl.csv	175181608	FAR AWAY FROM HERE -  INSTRO 140bpm	TRIAGE_LATER_NO_PUBLIC_TITLE_DECISION			0:02:45			YES	GLOBAL_INSTRO_STANDARD;POSSIBLE_BPM_KEY_TITLE_CLUTTER	TRIAGE_LATER	POSSIBLE_BPM_KEY_TITLE_CLUTTER	ALREADY_TRIAGE_LATER
576	gpm_stl.csv	175183116	GOOD 2B HOME - INSTRO 65bpm GMajor	TRIAGE_LATER_NO_PUBLIC_TITLE_DECISION			0:03:09		Abstract	YES	GLOBAL_INSTRO_STANDARD;POSSIBLE_BPM_KEY_TITLE_CLUTTER	TRIAGE_LATER	POSSIBLE_BPM_KEY_TITLE_CLUTTER	ALREADY_TRIAGE_LATER
577	gpm_stl.csv	175183117	GOOD 2B HOME - 65bpm	TRIAGE_LATER_NO_PUBLIC_TITLE_DECISION			0:03:09			YES	POSSIBLE_BPM_KEY_TITLE_CLUTTER	TRIAGE_LATER	POSSIBLE_BPM_KEY_TITLE_CLUTTER	ALREADY_TRIAGE_LATER
585	gpm_stl.csv	180077148	Kleigh - Forget You BflatMaj 62BPM PROD MASTER	TRIAGE_LATER_NO_PUBLIC_TITLE_DECISION	Kleigh		0:03:56	62.0		YES	POSSIBLE_BPM_KEY_TITLE_CLUTTER	TRIAGE_LATER	POSSIBLE_BPM_KEY_TITLE_CLUTTER	ALREADY_TRIAGE_LATER
586	gpm_stl.csv	181313219	Kleigh - Down (PROD) - 69BPM Fmaj VER 3 Energy Chorus Master.wav	TRIAGE_LATER_NO_PUBLIC_TITLE_DECISION	Kleigh		0:04:24	69.0		YES	POSSIBLE_BPM_KEY_TITLE_CLUTTER	TRIAGE_LATER	POSSIBLE_BPM_KEY_TITLE_CLUTTER	ALREADY_TRIAGE_LATER
